{
  "timestamp": "2025-10-05T22:03:05.994138",
  "beam_length_m": 0.195,
  "camera": {
    "index": 1,
    "frame_width": 640,
    "frame_height": 480
  },
  "ball_detection": {
    "lower_hsv": [
      10.0,
      109.05,
      139.0
    ],
    "upper_hsv": [
      26.0,
      203.95,
      217.0
    ]
  },
  "calibration": {
    "pixel_to_meter_ratio": 0.0003396470397982455,
    "position_min_m": -0.07812690271790196,
    "position_max_m": 0.08805091352191427
  },
  "servo": {
    "port": "COM4",
    "neutral_angle": 105
  }
}