{
  "timestamp": "2025-10-06T20:38:21.101190",
  "beam_length_m": 0.195,
  "camera": {
    "index": 1,
    "frame_width": 640,
    "frame_height": 480
  },
  "ball_detection": {
    "lower_hsv": [
      11.0,
      132.0,
      163.0
    ],
    "upper_hsv": [
      26.0,
      206.0,
      255.0
    ]
  },
  "calibration": {
    "pixel_to_meter_ratio": 0.0003244143299881186,
    "position_min_m": -0.08740508805121869,
    "position_max_m": 0.0721265051994796
  },
  "servo": {
    "port": "COM4",
    "neutral_angle": 105
  }
}