{
  "timestamp": "2025-10-08T10:36:58.778381",
  "beam_length_m": 0.195,
  "camera": {
    "index": 1,
    "frame_width": 700,
    "frame_height": 480
  },
  "ball_detection": {
    "lower_hsv": [
      8.0,
      158.0,
      170.35
    ],
    "upper_hsv": [
      22.0,
      229.0,
      255.0
    ]
  },
  "calibration": {
    "pixel_to_meter_ratio": 0.00030853464833670855,
    "position_min_m": -0.08051387900905112,
    "position_max_m": 0.08146539653036189
  },
  "servo": {
    "port": "COM3",
    "neutral_angle": 105
  }
}