{
  "timestamp": "2025-11-11T16:25:20.772553",
  "platform_diameter_m": 0.3,
  "camera": {
    "index": 0,
    "frame_width": 700,
    "frame_height": 480
  },
  "ball_detection": {
    "lower_hsv": [
      7.0,
      150.0,
      66.4
    ],
    "upper_hsv": [
      27.0,
      236.0,
      255.0
    ]
  },
  "calibration": {
    "pixel_to_meter_ratio_x": 0.0006437234681876409,
    "pixel_to_meter_ratio_y": 0.0006666600824020713,
    "peg_points": [
      [
        95,
        252
      ],
      [
        561,
        246
      ],
      [
        326,
        27
      ],
      [
        324,
        477
      ]
    ]
  }
}