{
  "timestamp": "2025-10-07T18:22:25.853302",
  "platform_type": "stewart",
  "platform_radius_m": 0.10,
  "camera": {
    "index": 1,
    "frame_width": 700,
    "frame_height": 480
  },
  "ball_detection": {
    "lower_hsv": [
      9.0,
      158.5,
      168.0
    ],
    "upper_hsv": [
      24.0,
      249.5,
      245.0
    ]
  },
  "calibration": {
    "pixel_to_meter_ratio": 0.00030564113147285994,
    "position_min_m": -0.07635845834238565,
    "position_max_m": 0.07787512871234915
  },
  "servo": {
    "port": "COM3",
    "num_servos": 3,
    "use_pwm_driver": true
  },
  "kinematics": {
    "l": 10.0,
    "l_11": 8.0,
    "l_12": 8.0,
    "l_21": 8.0,
    "l_22": 8.0,
    "l_31": 8.0,
    "l_32": 8.0
  }
}