{
  "timestamp": "2025-11-11T14:10:38.094758",
  "platform_diameter_m": 0.3,
  "camera": {
    "index": 0,
    "frame_width": 700,
    "frame_height": 480
  },
  "ball_detection": {
    "lower_hsv": [
      11.0,
      56.55,
      150.35
    ],
    "upper_hsv": [
      26.0,
      216.45,
      255.0
    ]
  },
  "calibration": {
    "pixel_to_meter_ratio_x": 0.0003512880742377912,
    "pixel_to_meter_ratio_y": 0.000365090381855345,
    "peg_points": [
      [
        61,
        229
      ],
      [
        521,
        205
      ],
      [
        286,
        3
      ],
      [
        317,
        453
      ]
    ]
  }
}