{
  "timestamp": "2025-10-07T18:22:25.853302",
  "beam_length_m": 0.195,
  "camera": {
    "index": 1,
    "frame_width": 700,
    "frame_height": 480
  },
  "ball_detection": {
    "lower_hsv": [
      9.0,
      158.5,
      168.0
    ],
    "upper_hsv": [
      24.0,
      249.5,
      245.0
    ]
  },
  "calibration": {
    "pixel_to_meter_ratio": 0.00030564113147285994,
    "position_min_m": -0.07635845834238565,
    "position_max_m": 0.07787512871234915
  },
  "servo": {
    "port": "COM3",
    "neutral_angle": 105
  }
}