{
  "timestamp": "2025-11-19T11:10:52.320634",
  "platform_diameter_m": 0.3,
  "camera": {
    "index": 1,
    "frame_width": 700,
    "frame_height": 480
  },
  "ball_detection": {
    "lower_hsv": [
      10.0,
      88.25,
      105.5
    ],
    "upper_hsv": [
      35.0,
      255.0,
      255.0
    ]
  },
  "calibration": {
    "pixel_to_meter_ratio_x": 0.0006593263280462207,
    "pixel_to_meter_ratio_y": 0.0006592626447087421,
    "peg_points": [
      [
        83,
        245
      ],
      [
        538,
        242
      ],
      [
        316,
        15
      ],
      [
        323,
        470
      ]
    ]
  }
}