{
  "timestamp": "2025-11-10T22:34:43.501651",
  "platform_diameter_m": 0.3,
  "camera": {
    "index": 0,
    "frame_width": 700,
    "frame_height": 480
  },
  "ball_detection": {
    "lower_hsv": [
      8.0,
      107.0,
      141.0
    ],
    "upper_hsv": [
      23.0,
      191.0,
      225.0
    ]
  },
  "calibration": {
    "pixel_to_meter_ratio_x": 0.00030853464833670855,
    "pixel_to_meter_ratio_y": 0.00030853464833670855,
    "peg_points": [
      [
        59,
        201
      ],
      [
        558,
        208
      ],
      [
        316,
        5
      ],
      [
        329,
        474
      ]
    ]
  }
}