{
  "timestamp": "2025-11-25T13:17:38.773611",
  "platform_diameter_m": 0.3,
  "camera": {
    "index": 1,
    "frame_width": 700,
    "frame_height": 480
  },
  "ball_detection": {
    "lower_hsv": [
      0.0,
      21.35,
      34.2
    ],
    "upper_hsv": [
      179.0,
      165.65,
      255.0
    ]
  },
  "calibration": {
    "pixel_to_meter_ratio_x": 0.0007518702537605787,
    "pixel_to_meter_ratio_y": 0.0012875062173735945,
    "peg_points": [
      [
        86,
        214
      ],
      [
        485,
        212
      ],
      [
        317,
        111
      ],
      [
        315,
        344
      ]
    ],
    "motor_offsets": [
      2.0,
      1.0,
      5.0
    ]
  }
}