{
  "timestamp": "2025-11-10T16:53:41.320226",
  "platform_diameter_m": 0.3,
  "camera": {
    "index": 1,
    "frame_width": 700,
    "frame_height": 480
  },
  "ball_detection": {
    "lower_hsv": [
      16.0,
      116.0,
      245.0
    ],
    "upper_hsv": [
      33.0,
      184.0,
      255.0
    ]
  },
  "calibration": {
    "pixel_to_meter_ratio_x": 0.0006599466124784883,
    "pixel_to_meter_ratio_y": 0.0006852870235732763,
    "peg_points": [
      [
        110,
        218
      ],
      [
        564,
        241
      ],
      [
        341,
        31
      ],
      [
        315,
        468
      ]
    ]
  }
}